country,count(*)
Australia,12
Austria,121
Belarus,14
Belgium,1
Bulgaria,5
Canada,119
China,48
Croatia,11
Czech Republic,24
Denmark,1
Estonia,7
Finland,56
France,68
Germany,186
Italy,86
Japan,37
Kazakhstan,7
"Korea, North",1
"Korea, South",45
Latvia,7
Liechtenstein,1
Luxembourg,2
Netherlands,66
New Zealand,1
Norway,162
Poland,16
Russia,121
Slovakia,5
Slovenia,14
Spain,1
Sweden,61
Switzerland,75
Ukraine,7
United Kingdom,11
United States,141
Uzbekistan,1
